timestamp,open,high,low,close,volume
2021-01-01 00:00:00,736.42,739.0,729.33,734.07,27932.69884
2021-01-01 01:00:00,734.08,749.0,733.37,748.28,52336.18779
2021-01-01 02:00:00,748.27,749.0,742.27,744.06,33019.501
2021-01-01 03:00:00,744.06,747.23,743.1,744.82,17604.80859
2021-01-01 04:00:00,744.87,747.09,739.3,742.29,18794.15424
2021-01-01 05:00:00,742.34,743.23,739.5,740.65,14948.26447
2021-01-01 06:00:00,740.72,743.25,737.04,739.97,17106.99495
2021-01-01 07:00:00,739.87,740.51,734.4,737.38,21624.68945
2021-01-01 08:00:00,737.37,738.48,725.1,730.07,52992.04892
2021-01-01 09:00:00,730.07,734.77,728.77,733.68,22836.46973
2021-01-01 10:00:00,733.69,738.87,733.27,736.81,22895.59711
2021-01-01 11:00:00,736.82,741.76,736.11,738.85,29384.09871
2021-01-01 12:00:00,738.85,743.33,732.12,733.19,50190.47228
2021-01-01 13:00:00,733.19,741.99,733.0,740.08,23543.56362
2021-01-01 14:00:00,740.08,742.67,736.46,738.0,22098.37395
2021-01-01 15:00:00,738.01,740.0,733.5,735.39,25671.61199
2021-01-01 16:00:00,735.39,737.73,733.01,735.83,22249.34205
2021-01-01 17:00:00,735.76,736.45,726.57,727.94,40914.26505
2021-01-01 18:00:00,727.94,731.8,714.29,724.6,66427.75355
2021-01-01 19:00:00,724.57,728.28,720.95,725.34,26866.35862
2021-01-01 20:00:00,725.34,730.71,722.5,729.48,22422.29118
2021-01-01 21:00:00,729.48,730.61,726.69,728.23,14582.15316
2021-01-01 22:00:00,728.23,731.97,725.65,728.9,14614.20353
2021-01-01 23:00:00,728.97,730.58,727.65,728.91,14058.19051
2021-01-02 00:00:00,728.91,730.66,716.26,719.9,46190.17553
2021-01-02 01:00:00,719.9,731.75,714.91,729.38,37985.46001
2021-01-02 02:00:00,729.39,734.4,729.05,729.44,21870.2522
2021-01-02 03:00:00,729.45,731.96,728.4,730.39,13138.56186
2021-01-02 04:00:00,730.39,730.67,726.26,729.45,13117.64933
2021-01-02 05:00:00,729.45,733.4,729.22,731.99,19342.91315
2021-01-02 06:00:00,731.99,740.49,730.53,737.04,41590.31856
2021-01-02 07:00:00,737.08,738.66,733.07,735.12,23887.39609
2021-01-02 08:00:00,735.12,738.35,728.21,733.84,32631.45363
2021-01-02 09:00:00,733.84,734.64,723.06,725.41,38970.42653
2021-01-02 10:00:00,725.24,733.93,723.01,728.47,34642.76548
2021-01-02 11:00:00,728.55,731.1,727.17,729.7,14020.08545
2021-01-02 12:00:00,729.7,757.0,728.25,752.38,134011.4756
2021-01-02 13:00:00,752.39,772.8,749.11,770.77,154115.10137
2021-01-02 14:00:00,770.77,771.28,753.0,760.94,88376.02018
2021-01-02 15:00:00,760.99,768.99,760.86,768.43,51945.86127
2021-01-02 16:00:00,768.45,782.98,764.5,781.94,145618.23911
2021-01-02 17:00:00,781.94,784.66,774.04,778.84,74461.65986
2021-01-02 18:00:00,778.77,784.39,772.0,780.01,57755.77853
2021-01-02 19:00:00,780.0,787.69,776.77,784.79,56561.3149
2021-01-02 20:00:00,784.79,785.48,750.12,756.55,122647.19925
2021-01-02 21:00:00,756.57,771.34,751.2,768.95,69835.76346
2021-01-02 22:00:00,768.94,774.5,765.06,772.19,21611.26997
2021-01-02 23:00:00,772.14,777.73,762.98,774.56,38291.43536
2021-01-03 00:00:00,774.44,778.86,770.59,775.81,34582.74165
2021-01-03 01:00:00,775.84,779.0,772.35,776.97,27914.48711
2021-01-03 02:00:00,776.98,781.59,775.48,778.94,23590.90685
2021-01-03 03:00:00,778.95,779.28,771.47,772.37,28221.24422
2021-01-03 04:00:00,772.44,778.44,768.71,777.41,34410.73823
2021-01-03 05:00:00,777.34,790.0,776.1,786.42,81521.94162
2021-01-03 06:00:00,786.48,801.92,783.73,799.96,89185.94716
2021-01-03 07:00:00,799.83,805.74,795.1,799.78,80293.36056
2021-01-03 08:00:00,799.74,819.5,791.5,817.76,92303.75687
2021-01-03 09:00:00,817.31,825.66,813.0,818.45,95011.06759
2021-01-03 10:00:00,818.5,829.0,816.49,825.72,82804.3962
2021-01-03 11:00:00,825.69,832.3,824.01,829.76,64169.17352
2021-01-03 12:00:00,829.77,835.86,826.38,831.47,55214.58488
2021-01-03 13:00:00,831.46,888.33,831.46,874.21,180985.66008
2021-01-03 14:00:00,874.17,921.73,862.3,912.38,261568.37752
2021-01-03 15:00:00,912.39,920.0,879.52,917.72,200326.60168
2021-01-03 16:00:00,917.95,978.0,917.72,935.26,323944.90322
2021-01-03 17:00:00,935.26,958.21,917.0,935.54,218672.998
2021-01-03 18:00:00,935.65,941.93,888.93,917.54,175928.67663
2021-01-03 19:00:00,917.77,924.11,899.38,921.53,86493.82126
2021-01-03 20:00:00,921.61,964.33,920.08,946.37,145884.75288
2021-01-03 21:00:00,946.38,957.87,936.45,949.77,59816.23454
2021-01-03 22:00:00,949.87,997.9,945.15,991.55,150727.1534
2021-01-03 23:00:00,991.73,1011.07,955.0,978.28,220030.36048
2021-01-04 00:00:00,978.33,994.56,954.22,975.8,147491.84724
2021-01-04 01:00:00,975.8,979.0,956.01,966.96,79273.06804
2021-01-04 02:00:00,966.96,982.33,962.2,979.39,72619.64295
2021-01-04 03:00:00,979.46,1025.81,977.84,1021.41,133239.30292
2021-01-04 04:00:00,1021.41,1035.93,1013.75,1027.69,124509.51799
2021-01-04 05:00:00,1027.7,1096.0,1016.75,1084.18,222620.92814
2021-01-04 06:00:00,1084.45,1162.97,1078.59,1105.0,352657.89885
2021-01-04 07:00:00,1104.99,1118.89,1012.0,1044.31,296761.70921
2021-01-04 08:00:00,1044.3,1078.93,983.88,1022.64,266193.18381
2021-01-04 09:00:00,1022.64,1029.34,909.0,970.08,384301.29029
2021-01-04 10:00:00,969.94,985.0,890.0,965.05,335379.28615
2021-01-04 11:00:00,965.28,979.54,933.84,976.8,190237.62721
2021-01-04 12:00:00,976.97,1031.85,956.12,1019.48,235476.92979
2021-01-04 13:00:00,1019.48,1020.0,975.27,1011.92,193603.2006
2021-01-04 14:00:00,1012.56,1045.0,1001.55,1043.25,197211.31353
2021-01-04 15:00:00,1043.26,1058.16,1027.03,1040.01,189054.3704
2021-01-04 16:00:00,1040.0,1048.0,982.05,1010.15,245057.38225
2021-01-04 17:00:00,1010.29,1026.56,985.55,999.47,120721.62389
2021-01-04 18:00:00,999.47,1025.68,998.92,1015.19,84703.58793
2021-01-04 19:00:00,1015.09,1048.0,1011.41,1042.28,90513.65187
2021-01-04 20:00:00,1042.16,1049.7,1017.46,1019.69,75599.35887
2021-01-04 21:00:00,1019.69,1036.7,992.7,1006.19,92442.55568
2021-01-04 22:00:00,1006.18,1024.0,1003.2,1012.72,30171.61809
2021-01-04 23:00:00,1012.72,1046.54,1001.09,1041.43,85170.04434
2021-01-05 00:00:00,1041.45,1134.6,1041.45,1095.03,257412.82599
2021-01-05 01:00:00,1095.14,1118.1,1061.92,1114.52,184692.42881
2021-01-05 02:00:00,1114.46,1116.72,1068.18,1078.45,114597.83122
2021-01-05 03:00:00,1078.47,1087.32,995.0,1001.76,197089.21992
2021-01-05 04:00:00,1001.75,1030.81,986.0,1004.1,176195.12461
2021-01-05 05:00:00,1004.05,1024.46,974.45,989.83,158302.30662
2021-01-05 06:00:00,989.9,1022.41,979.03,1015.15,129414.62655
2021-01-05 07:00:00,1015.16,1025.0,1000.93,1003.45,61159.42688
2021-01-05 08:00:00,1003.52,1044.71,1003.51,1026.97,105716.59566
2021-01-05 09:00:00,1026.97,1050.93,1022.43,1035.85,92325.74596
2021-01-05 10:00:00,1035.85,1042.4,1014.84,1028.31,67592.17946
2021-01-05 11:00:00,1028.31,1043.86,1024.07,1042.21,58899.65281
2021-01-05 12:00:00,1042.23,1055.0,1027.27,1028.99,71642.51507
2021-01-05 13:00:00,1028.98,1041.0,1020.46,1023.55,53808.51617
2021-01-05 14:00:00,1023.75,1048.23,1001.0,1047.9,115129.67335
2021-01-05 15:00:00,1047.94,1064.0,1036.0,1052.82,85508.32605
2021-01-05 16:00:00,1052.83,1084.0,1036.29,1065.84,118170.17042
2021-01-05 17:00:00,1065.85,1084.55,1060.7,1081.73,66686.13785
2021-01-05 18:00:00,1081.99,1094.86,1070.05,1074.0,102112.30063
2021-01-05 19:00:00,1074.0,1108.0,1040.0,1096.33,171567.07346
2021-01-05 20:00:00,1096.36,1103.84,1077.05,1098.99,71410.9486
2021-01-05 21:00:00,1099.0,1103.2,1074.44,1082.1,66771.99769
2021-01-05 22:00:00,1082.09,1120.0,1081.94,1108.02,74059.3687
2021-01-05 23:00:00,1108.18,1115.0,1081.11,1099.56,106730.68277
2021-01-06 00:00:00,1100.16,1110.3,1063.23,1081.16,99324.20691
2021-01-06 01:00:00,1081.01,1086.22,1057.26,1071.82,65497.17409
2021-01-06 02:00:00,1071.81,1087.0,1071.81,1077.41,48874.82288
2021-01-06 03:00:00,1077.47,1083.0,1061.0,1075.49,58594.9887
2021-01-06 04:00:00,1075.49,1135.02,1073.03,1119.17,149574.38791
2021-01-06 05:00:00,1119.17,1125.85,1086.37,1101.81,101989.342
2021-01-06 06:00:00,1101.8,1118.69,1097.51,1113.22,69105.85653
2021-01-06 07:00:00,1113.16,1122.02,1090.72,1106.59,77052.69559
2021-01-06 08:00:00,1106.61,1123.51,1091.11,1110.76,105217.5019
2021-01-06 09:00:00,1110.85,1112.87,1091.0,1099.02,83293.56815
2021-01-06 10:00:00,1099.02,1119.5,1097.29,1114.75,66864.59812
2021-01-06 11:00:00,1114.71,1166.58,1111.01,1151.88,171627.18689
2021-01-06 12:00:00,1151.88,1158.96,1123.52,1143.61,99636.98531
2021-01-06 13:00:00,1143.84,1148.0,1121.0,1134.99,94633.75531
2021-01-06 14:00:00,1134.99,1147.61,1124.61,1133.36,91718.45654
2021-01-06 15:00:00,1133.23,1153.94,1130.92,1143.89,70224.15379
2021-01-06 16:00:00,1144.01,1193.68,1144.01,1173.08,184933.76503
2021-01-06 17:00:00,1173.09,1207.7,1171.0,1192.25,136008.83546
2021-01-06 18:00:00,1192.27,1208.57,1183.72,1191.78,85000.17164
2021-01-06 19:00:00,1191.77,1204.95,1150.0,1160.78,108617.44241
2021-01-06 20:00:00,1160.78,1207.0,1116.61,1197.16,208518.37051
2021-01-06 21:00:00,1197.33,1200.8,1173.23,1181.26,115873.49118
2021-01-06 22:00:00,1181.23,1194.51,1173.12,1177.97,30488.473
2021-01-06 23:00:00,1178.01,1213.0,1175.55,1208.42,67466.36349
2021-01-07 00:00:00,1208.75,1221.0,1188.0,1199.8,95554.67255
2021-01-07 01:00:00,1199.8,1210.82,1195.59,1200.12,53546.21224
2021-01-07 02:00:00,1200.21,1205.12,1179.91,1196.53,56117.02736
2021-01-07 03:00:00,1196.53,1224.11,1193.67,1213.17,71549.09166
2021-01-07 04:00:00,1213.17,1216.63,1201.32,1210.42,55797.31429
2021-01-07 05:00:00,1210.43,1218.04,1200.71,1207.27,53541.34273
2021-01-07 06:00:00,1207.3,1210.93,1183.02,1198.71,61270.82274
2021-01-07 07:00:00,1198.71,1204.86,1181.09,1186.21,52978.58936
2021-01-07 08:00:00,1186.39,1198.95,1159.03,1195.77,88581.26432
2021-01-07 09:00:00,1195.77,1205.0,1181.24,1204.96,48669.39591
2021-01-07 10:00:00,1204.96,1205.7,1179.79,1183.51,47906.19223
2021-01-07 11:00:00,1183.53,1205.0,1183.03,1201.12,54084.34786
2021-01-07 12:00:00,1201.32,1229.5,1197.64,1227.2,93318.3766
2021-01-07 13:00:00,1226.86,1230.45,1209.0,1218.01,84541.63376
2021-01-07 14:00:00,1218.01,1229.29,1215.0,1224.5,61759.11098
2021-01-07 15:00:00,1224.53,1249.98,1216.0,1249.83,81232.00344
2021-01-07 16:00:00,1249.84,1277.41,1238.68,1263.97,150037.31158
2021-01-07 17:00:00,1263.97,1273.91,1259.0,1270.49,64620.34683
2021-01-07 18:00:00,1270.48,1289.0,1131.0,1222.73,256239.4916
2021-01-07 19:00:00,1223.25,1247.68,1170.0,1234.14,176324.91055
2021-01-07 20:00:00,1234.23,1245.0,1223.41,1242.72,65467.09339
2021-01-07 21:00:00,1242.9,1267.33,1239.58,1254.18,71614.46576
2021-01-07 22:00:00,1254.25,1259.0,1237.25,1245.47,30674.97767
2021-01-07 23:00:00,1245.4,1245.72,1201.45,1224.87,97496.82518
2021-01-08 00:00:00,1224.86,1233.0,1182.45,1182.96,72653.68292
2021-01-08 01:00:00,1183.42,1199.26,1160.0,1184.52,95990.82587
2021-01-08 02:00:00,1184.52,1186.29,1065.0,1111.34,199688.17322
2021-01-08 03:00:00,1111.57,1160.13,1105.61,1150.1,88803.50222
2021-01-08 04:00:00,1150.1,1177.65,1142.0,1169.03,78047.83239
2021-01-08 05:00:00,1168.91,1174.0,1142.23,1148.12,68772.26477
2021-01-08 06:00:00,1148.29,1182.46,1125.41,1175.21,91125.70394
2021-01-08 07:00:00,1175.22,1214.27,1166.38,1208.42,79414.38316
2021-01-08 08:00:00,1208.2,1209.27,1181.73,1199.99,56094.95252
2021-01-08 09:00:00,1199.99,1222.32,1185.99,1221.64,62345.38191
2021-01-08 10:00:00,1221.51,1270.24,1216.23,1251.31,134971.11476
2021-01-08 11:00:00,1251.47,1266.0,1240.0,1255.43,87416.71084
2021-01-08 12:00:00,1255.24,1273.75,1224.88,1249.9,97812.93795
2021-01-08 13:00:00,1249.91,1255.91,1221.62,1250.0,71962.98668
2021-01-08 14:00:00,1250.0,1257.09,1237.32,1257.0,49706.7127
2021-01-08 15:00:00,1256.93,1264.0,1171.72,1216.77,193110.42518
2021-01-08 16:00:00,1216.93,1242.18,1202.0,1227.22,83942.45331
2021-01-08 17:00:00,1227.22,1236.66,1209.24,1215.42,50501.14122
2021-01-08 18:00:00,1215.59,1222.06,1173.0,1182.87,99711.00929
2021-01-08 19:00:00,1182.55,1203.57,1179.63,1184.75,53462.02043
2021-01-08 20:00:00,1184.75,1195.5,1143.16,1145.9,140396.82392
2021-01-08 21:00:00,1146.34,1193.89,1135.51,1193.63,80549.78913
2021-01-08 22:00:00,1193.63,1220.0,1166.31,1216.58,50087.2119
2021-01-08 23:00:00,1216.85,1229.69,1208.38,1216.93,44604.88318
2021-01-09 00:00:00,1216.72,1234.67,1183.04,1197.93,79854.51548
2021-01-09 01:00:00,1197.91,1198.39,1171.36,1198.27,64568.88615
2021-01-09 02:00:00,1198.26,1208.0,1177.38,1199.84,52664.98659
2021-01-09 03:00:00,1199.66,1231.31,1192.11,1226.53,58922.41495
2021-01-09 04:00:00,1226.53,1227.49,1208.82,1219.16,39138.76117
2021-01-09 05:00:00,1219.16,1219.16,1181.06,1185.53,53982.3727
2021-01-09 06:00:00,1185.4,1195.62,1176.6,1179.8,57458.22227
2021-01-09 07:00:00,1179.8,1199.99,1173.65,1196.49,44526.17017
2021-01-09 08:00:00,1196.5,1212.93,1184.64,1208.01,45254.59089
2021-01-09 09:00:00,1208.02,1221.7,1204.46,1211.55,53127.64645
2021-01-09 10:00:00,1211.93,1229.55,1204.26,1218.58,52410.83531
2021-01-09 11:00:00,1218.39,1237.0,1214.5,1220.64,65753.715
2021-01-09 12:00:00,1220.65,1227.69,1211.0,1223.99,37974.97153
2021-01-09 13:00:00,1223.78,1229.52,1218.24,1221.39,37916.13763
2021-01-09 14:00:00,1221.39,1235.5,1220.48,1223.17,54819.69482
2021-01-09 15:00:00,1223.17,1227.64,1207.29,1219.95,51480.96518
2021-01-09 16:00:00,1219.96,1225.52,1194.08,1200.88,71457.01928
2021-01-09 17:00:00,1200.89,1224.59,1200.31,1222.52,49327.02761
2021-01-09 18:00:00,1222.51,1230.25,1218.56,1224.69,37061.33739
2021-01-09 19:00:00,1224.69,1235.69,1220.48,1229.42,36022.81451
2021-01-09 20:00:00,1229.33,1272.0,1217.54,1271.14,116955.13239
2021-01-09 21:00:00,1271.14,1294.18,1261.5,1287.96,139273.22601
2021-01-09 22:00:00,1287.95,1304.37,1276.32,1286.61,84360.71587
2021-01-09 23:00:00,1286.65,1292.74,1266.85,1276.0,64558.95579
2021-01-10 00:00:00,1276.0,1292.69,1273.82,1289.91,64505.45896
2021-01-10 01:00:00,1289.85,1335.0,1285.22,1323.44,106780.43325
2021-01-10 02:00:00,1323.5,1338.87,1309.93,1338.0,67904.63445
2021-01-10 03:00:00,1337.99,1340.98,1304.51,1310.97,79134.72476
2021-01-10 04:00:00,1310.91,1326.99,1306.2,1318.46,42415.54198
2021-01-10 05:00:00,1318.69,1328.84,1305.74,1315.54,44663.27058
2021-01-10 06:00:00,1315.54,1328.0,1313.48,1324.35,40389.42237
2021-01-10 07:00:00,1324.43,1345.69,1322.14,1344.7,57564.63601
2021-01-10 08:00:00,1344.77,1348.33,1318.21,1328.81,63901.05349
2021-01-10 09:00:00,1329.13,1346.0,1328.02,1331.63,39541.66223
2021-01-10 10:00:00,1331.65,1339.22,1283.32,1318.43,97177.24722
2021-01-10 11:00:00,1318.57,1319.99,1257.6,1259.28,139435.26814
2021-01-10 12:00:00,1259.28,1296.39,1237.0,1290.33,111811.6157
2021-01-10 13:00:00,1290.43,1323.71,1286.0,1309.66,78744.38345
2021-01-10 14:00:00,1309.77,1314.52,1283.05,1295.68,61943.49704
2021-01-10 15:00:00,1296.24,1313.74,1276.0,1303.18,55779.08399
2021-01-10 16:00:00,1303.4,1325.0,1296.15,1297.39,67018.97312
2021-01-10 17:00:00,1297.38,1305.0,1248.59,1300.65,155975.47097
2021-01-10 18:00:00,1300.81,1310.35,1273.0,1283.68,86761.80934
2021-01-10 19:00:00,1283.64,1295.91,1255.23,1263.17,53152.55459
2021-01-10 20:00:00,1263.32,1273.0,1170.0,1258.34,241097.41327
2021-01-10 21:00:00,1258.33,1274.89,1253.6,1270.6,96908.69545
2021-01-10 22:00:00,1270.59,1287.51,1261.52,1273.08,47104.97155
2021-01-10 23:00:00,1273.08,1277.38,1254.19,1254.25,51467.52812
2021-01-11 00:00:00,1254.24,1260.0,1203.08,1218.8,102913.67599
2021-01-11 01:00:00,1219.04,1230.73,1188.16,1208.03,81899.66431
2021-01-11 02:00:00,1208.26,1212.8,1171.2,1186.11,115075.02375
2021-01-11 03:00:00,1186.11,1198.11,1010.91,1104.14,331913.61069
2021-01-11 04:00:00,1105.02,1133.87,1050.0,1114.1,208377.37407
2021-01-11 05:00:00,1114.0,1129.47,1079.87,1094.18,123257.90891
2021-01-11 06:00:00,1094.18,1095.57,1015.0,1027.73,216656.56533
2021-01-11 07:00:00,1027.93,1082.0,1011.1,1071.84,172077.18416
2021-01-11 08:00:00,1071.98,1126.0,1049.01,1108.69,166591.0301
2021-01-11 09:00:00,1108.69,1135.35,1084.28,1135.07,97372.63394
2021-01-11 10:00:00,1135.3,1149.99,1109.25,1112.08,121732.27289
2021-01-11 11:00:00,1112.01,1117.42,1064.17,1067.87,148333.9181
2021-01-11 12:00:00,1067.65,1103.12,1038.65,1073.66,173468.67682
2021-01-11 13:00:00,1073.3,1079.0,1025.63,1026.09,182310.8552
2021-01-11 14:00:00,1026.24,1043.22,950.0,1038.53,318635.66607
2021-01-11 15:00:00,1038.53,1048.47,973.23,977.21,194594.79272
2021-01-11 16:00:00,977.21,990.69,915.0,963.55,310328.71762
2021-01-11 17:00:00,963.57,1023.5,918.43,998.3,272057.63421
2021-01-11 18:00:00,998.15,1024.0,982.75,993.51,135773.01524
2021-01-11 19:00:00,993.52,1007.26,945.0,984.41,165012.05389
2021-01-11 20:00:00,984.15,1022.0,958.0,1019.94,136389.16716
2021-01-11 21:00:00,1019.99,1044.99,1006.0,1031.55,135023.0882
2021-01-11 22:00:00,1032.05,1072.97,1022.35,1057.87,82869.79852
2021-01-11 23:00:00,1057.86,1094.0,1057.66,1087.01,106786.57257
2021-01-12 00:00:00,1087.0,1091.36,1038.34,1061.88,128065.46223
2021-01-12 01:00:00,1061.87,1083.8,1041.11,1055.12,76919.25907
2021-01-12 02:00:00,1055.12,1076.6,1044.07,1069.27,73940.33572
2021-01-12 03:00:00,1069.27,1089.33,1062.61,1088.52,60965.39544
2021-01-12 04:00:00,1088.72,1101.44,1076.25,1095.87,75719.17673
2021-01-12 05:00:00,1095.25,1129.61,1092.05,1129.61,86030.64807
2021-01-12 06:00:00,1129.6,1150.02,1123.1,1137.94,104798.05688
2021-01-12 07:00:00,1138.0,1150.0,1123.0,1139.05,95691.41208
2021-01-12 08:00:00,1139.25,1144.11,1105.21,1116.8,103607.57856
2021-01-12 09:00:00,1116.8,1127.73,1107.2,1114.94,75304.95385
2021-01-12 10:00:00,1114.89,1122.29,1065.95,1084.5,159471.61628
2021-01-12 11:00:00,1084.49,1106.57,1084.24,1099.16,91531.95809
2021-01-12 12:00:00,1099.15,1111.54,1082.8,1086.87,84127.55086
2021-01-12 13:00:00,1086.82,1096.84,1024.44,1025.71,200882.06893
2021-01-12 14:00:00,1025.71,1054.0,1006.33,1035.91,188583.22264
2021-01-12 15:00:00,1035.7,1067.71,1035.52,1053.34,101103.01337
2021-01-12 16:00:00,1053.54,1107.33,1052.79,1106.77,111393.86609
2021-01-12 17:00:00,1106.8,1126.88,1096.23,1117.67,97137.22051
2021-01-12 18:00:00,1117.65,1122.93,1090.77,1104.33,67254.05282
2021-01-12 19:00:00,1104.39,1104.59,1060.14,1082.76,73905.93666
2021-01-12 20:00:00,1082.76,1086.27,1059.5,1080.61,65346.9311
2021-01-12 21:00:00,1080.73,1086.93,1051.78,1078.07,51722.47115
2021-01-12 22:00:00,1077.73,1088.25,1041.0,1052.49,41585.92381
2021-01-12 23:00:00,1052.91,1053.03,1025.0,1050.16,87557.22958
2021-01-13 00:00:00,1050.36,1050.82,987.48,991.32,155940.2195
2021-01-13 01:00:00,991.31,1038.32,989.83,1031.12,95397.66483
2021-01-13 02:00:00,1031.17,1049.0,1015.03,1030.83,74390.41819
2021-01-13 03:00:00,1030.73,1059.66,1028.64,1046.72,76191.9494
2021-01-13 04:00:00,1046.72,1048.7,1018.61,1023.68,55872.22022
2021-01-13 05:00:00,1023.58,1036.61,1010.79,1036.24,51737.53332
2021-01-13 06:00:00,1036.24,1053.89,1031.87,1044.37,50383.24953
2021-01-13 07:00:00,1044.49,1080.75,1042.37,1076.35,71005.34046
2021-01-13 08:00:00,1076.33,1076.86,1054.54,1059.75,61640.19245
2021-01-13 09:00:00,1059.55,1078.09,1053.79,1060.2,55345.38696
2021-01-13 10:00:00,1060.2,1096.64,1060.1,1079.61,84831.09084
2021-01-13 11:00:00,1079.61,1086.65,1056.0,1061.6,73368.97169
2021-01-13 12:00:00,1061.64,1066.06,1045.07,1057.59,60704.19971
2021-01-13 13:00:00,1057.58,1070.94,1051.29,1067.14,40154.03686
2021-01-13 14:00:00,1067.2,1084.0,1051.19,1055.52,59010.57149
2021-01-13 15:00:00,1055.99,1074.87,1049.41,1071.5,43591.32841
2021-01-13 16:00:00,1071.14,1078.6,1060.78,1073.3,39340.15753
2021-01-13 17:00:00,1073.25,1080.0,1065.0,1074.14,37795.51243
2021-01-13 18:00:00,1074.47,1108.8,1071.5,1103.52,79066.99897
2021-01-13 19:00:00,1103.51,1109.78,1095.48,1102.08,61208.92542
2021-01-13 20:00:00,1102.02,1119.0,1091.25,1110.9,70720.35105
2021-01-13 21:00:00,1110.87,1127.87,1102.04,1126.84,63655.44505
2021-01-13 22:00:00,1126.89,1137.65,1108.18,1118.24,57079.20252
2021-01-13 23:00:00,1118.23,1135.99,1118.23,1129.89,45771.42398
2021-01-14 00:00:00,1129.79,1147.97,1128.59,1133.79,82071.62481
2021-01-14 01:00:00,1133.99,1134.51,1114.66,1114.98,55848.93394
2021-01-14 02:00:00,1114.98,1121.5,1106.01,1113.34,44744.9801
2021-01-14 03:00:00,1113.41,1115.96,1091.02,1096.39,49762.46522
2021-01-14 04:00:00,1096.39,1110.89,1086.7,1109.28,48735.75475
2021-01-14 05:00:00,1109.28,1116.0,1101.23,1109.86,35992.41901
2021-01-14 06:00:00,1109.8,1129.53,1106.1,1121.19,47091.26606
2021-01-14 07:00:00,1121.18,1162.57,1117.87,1148.0,112301.75702
2021-01-14 08:00:00,1147.85,1171.74,1147.82,1157.01,75520.3051
2021-01-14 09:00:00,1157.01,1160.74,1141.78,1146.15,59772.1537
2021-01-14 10:00:00,1146.25,1169.5,1144.83,1168.56,54365.14397
2021-01-14 11:00:00,1168.85,1174.73,1157.36,1166.59,49781.74204
2021-01-14 12:00:00,1166.48,1171.57,1147.51,1168.76,56454.38306
2021-01-14 13:00:00,1168.76,1196.98,1165.56,1193.24,89699.62015
2021-01-14 14:00:00,1193.41,1215.92,1187.34,1208.63,103621.82423
2021-01-14 15:00:00,1208.39,1220.63,1194.47,1212.8,80477.32015
2021-01-14 16:00:00,1212.99,1247.55,1212.71,1225.18,118216.22133
2021-01-14 17:00:00,1225.18,1243.0,1216.63,1219.15,57465.41252
2021-01-14 18:00:00,1219.35,1228.67,1203.2,1210.22,61624.52509
2021-01-14 19:00:00,1210.23,1233.0,1210.19,1231.53,41916.31765
2021-01-14 20:00:00,1231.2,1234.18,1206.54,1207.26,31271.0076
2021-01-14 21:00:00,1206.77,1213.5,1163.68,1188.42,110624.7094
2021-01-14 22:00:00,1188.41,1204.0,1177.92,1200.58,38576.50411
2021-01-14 23:00:00,1200.73,1235.84,1197.93,1231.62,49800.99455
2021-01-15 00:00:00,1231.89,1256.98,1225.27,1237.1,98660.72886
2021-01-15 01:00:00,1237.1,1254.42,1224.42,1230.61,55209.33685
2021-01-15 02:00:00,1230.61,1242.0,1217.5,1239.62,50472.2257
2021-01-15 03:00:00,1239.62,1241.9,1201.0,1219.07,57184.49856
2021-01-15 04:00:00,1219.08,1222.58,1205.24,1207.9,54906.03275
2021-01-15 05:00:00,1207.81,1227.98,1185.0,1185.36,65348.10132
2021-01-15 06:00:00,1185.36,1200.56,1175.41,1200.56,69389.96687
2021-01-15 07:00:00,1200.46,1242.99,1189.18,1240.97,88362.95528
2021-01-15 08:00:00,1240.99,1247.88,1215.09,1217.66,65013.70575
2021-01-15 09:00:00,1217.59,1235.39,1205.0,1232.37,57747.13404
2021-01-15 10:00:00,1232.22,1240.0,1222.97,1234.0,45352.39614
2021-01-15 11:00:00,1233.86,1238.98,1220.11,1226.12,40761.67186
2021-01-15 12:00:00,1226.28,1230.64,1195.87,1221.71,98760.99478
2021-01-15 13:00:00,1221.71,1226.0,1207.25,1221.93,69913.90059
2021-01-15 14:00:00,1221.93,1228.0,1183.7,1196.54,96971.30231
2021-01-15 15:00:00,1196.48,1197.0,1126.44,1141.52,168015.30533
2021-01-15 16:00:00,1141.66,1170.07,1069.42,1165.2,289761.25108
2021-01-15 17:00:00,1165.39,1165.4,1132.07,1154.8,115350.31005
2021-01-15 18:00:00,1154.53,1175.34,1121.23,1139.22,105433.87377
2021-01-15 19:00:00,1139.24,1161.72,1129.05,1133.74,60274.11689
2021-01-15 20:00:00,1133.75,1140.0,1111.52,1136.6,81863.72088
2021-01-15 21:00:00,1136.5,1166.76,1131.71,1158.99,47601.51001
2021-01-15 22:00:00,1159.0,1175.08,1151.3,1162.94,30534.29336
2021-01-15 23:00:00,1162.9,1174.99,1157.04,1168.53,31149.50435
2021-01-16 00:00:00,1168.48,1197.02,1168.0,1188.41,60286.64301
2021-01-16 01:00:00,1188.46,1198.1,1171.38,1178.27,47380.17351
2021-01-16 02:00:00,1178.24,1190.0,1158.33,1163.52,58441.44573
2021-01-16 03:00:00,1163.52,1181.38,1157.77,1179.34,34094.33901
2021-01-16 04:00:00,1179.23,1183.64,1165.8,1181.37,28113.33426
2021-01-16 05:00:00,1181.4,1184.59,1151.77,1164.11,45122.51902
2021-01-16 06:00:00,1164.12,1176.76,1162.98,1173.13,36591.862
2021-01-16 07:00:00,1173.13,1189.76,1171.14,1182.9,54873.76189
2021-01-16 08:00:00,1182.88,1217.94,1177.0,1215.47,80419.86305
2021-01-16 09:00:00,1215.62,1217.39,1204.06,1214.99,50839.60366
2021-01-16 10:00:00,1214.99,1225.01,1206.53,1213.47,66724.08603
2021-01-16 11:00:00,1213.3,1225.52,1205.34,1219.0,56760.24319
2021-01-16 12:00:00,1219.0,1232.73,1188.0,1217.52,95442.83873
2021-01-16 13:00:00,1217.59,1250.0,1217.22,1231.28,105389.92573
2021-01-16 14:00:00,1231.31,1243.43,1216.67,1238.99,73920.41705
2021-01-16 15:00:00,1238.99,1278.0,1231.1,1276.27,108140.02018
2021-01-16 16:00:00,1276.29,1298.0,1252.09,1265.87,128144.05744
2021-01-16 17:00:00,1265.88,1270.0,1246.22,1253.51,59345.83698
2021-01-16 18:00:00,1253.6,1258.99,1228.3,1231.38,58722.5179
2021-01-16 19:00:00,1231.44,1256.11,1218.4,1252.59,70931.46666
2021-01-16 20:00:00,1252.4,1280.71,1245.0,1273.7,60182.50711
2021-01-16 21:00:00,1273.7,1273.9,1222.0,1234.89,79378.22764
2021-01-16 22:00:00,1234.91,1239.85,1200.0,1231.93,65015.07368
2021-01-16 23:00:00,1231.99,1240.78,1211.46,1227.83,51123.67451
2021-01-17 00:00:00,1227.83,1239.55,1200.53,1235.64,72532.44583
2021-01-17 01:00:00,1235.79,1251.34,1225.0,1250.75,40686.06061
2021-01-17 02:00:00,1250.56,1258.0,1238.16,1245.35,39524.2151
2021-01-17 03:00:00,1245.35,1248.56,1231.37,1241.2,41146.35063
2021-01-17 04:00:00,1241.33,1250.72,1220.8,1223.32,46760.46781
2021-01-17 05:00:00,1223.41,1229.24,1212.0,1215.42,43838.97327
2021-01-17 06:00:00,1215.5,1224.59,1201.0,1213.0,57330.0377
2021-01-17 07:00:00,1213.24,1228.6,1170.0,1182.6,112163.38773
2021-01-17 08:00:00,1182.45,1197.06,1165.0,1196.54,94773.13105
2021-01-17 09:00:00,1196.39,1212.58,1175.01,1180.53,86443.79575
2021-01-17 10:00:00,1180.52,1210.24,1167.04,1202.35,69166.89739
2021-01-17 11:00:00,1202.35,1228.37,1201.82,1219.52,53019.20808
2021-01-17 12:00:00,1219.52,1225.84,1208.13,1212.87,51736.84
2021-01-17 13:00:00,1213.06,1227.74,1196.12,1198.86,47819.78226
2021-01-17 14:00:00,1198.78,1213.51,1191.03,1198.58,42571.66816
2021-01-17 15:00:00,1198.58,1246.92,1198.56,1241.17,85661.72733
2021-01-17 16:00:00,1241.35,1251.0,1220.0,1239.35,64208.2375
2021-01-17 17:00:00,1239.17,1244.48,1223.3,1232.21,37860.61864
2021-01-17 18:00:00,1232.33,1235.38,1225.61,1226.55,21791.00383
2021-01-17 19:00:00,1226.55,1241.05,1210.54,1218.3,36142.11708
2021-01-17 20:00:00,1218.35,1239.0,1218.33,1237.58,27368.4679
2021-01-17 21:00:00,1237.91,1266.59,1235.78,1261.3,63353.05641
2021-01-17 22:00:00,1261.61,1269.02,1236.0,1245.99,36647.12425
2021-01-17 23:00:00,1245.95,1254.71,1224.0,1232.45,44739.39148
2021-01-18 00:00:00,1232.5,1247.18,1226.15,1242.66,45567.39137
2021-01-18 01:00:00,1242.72,1247.73,1225.68,1239.52,31479.92247
2021-01-18 02:00:00,1239.39,1243.66,1220.0,1221.33,34319.72847
2021-01-18 03:00:00,1221.32,1225.78,1182.58,1194.07,96709.00177
2021-01-18 04:00:00,1194.07,1206.06,1190.5,1201.94,40853.78306
2021-01-18 05:00:00,1201.85,1210.56,1188.0,1207.84,38174.87191
2021-01-18 06:00:00,1207.86,1210.0,1195.56,1198.07,27999.40735
2021-01-18 07:00:00,1198.1,1227.01,1196.01,1219.62,47981.93969
2021-01-18 08:00:00,1219.68,1228.26,1214.99,1223.15,38466.01707
2021-01-18 09:00:00,1223.13,1234.23,1220.68,1230.56,37717.25513
2021-01-18 10:00:00,1230.49,1230.68,1217.56,1223.73,34659.87684
2021-01-18 11:00:00,1223.73,1228.9,1209.0,1225.43,41053.87133
2021-01-18 12:00:00,1225.43,1254.5,1223.07,1243.75,91156.5386
2021-01-18 13:00:00,1243.63,1251.0,1238.26,1243.99,47514.59307
2021-01-18 14:00:00,1244.0,1255.5,1221.0,1237.03,62399.02916
2021-01-18 15:00:00,1237.03,1243.5,1230.2,1240.36,28819.58072
2021-01-18 16:00:00,1240.21,1248.48,1224.0,1230.01,36492.69491
2021-01-18 17:00:00,1230.04,1235.0,1211.66,1218.58,47535.33573
2021-01-18 18:00:00,1218.58,1225.43,1213.87,1218.29,35141.61455
2021-01-18 19:00:00,1218.35,1233.33,1216.22,1227.67,30968.64454
2021-01-18 20:00:00,1227.68,1233.78,1222.52,1226.08,19730.37314
2021-01-18 21:00:00,1226.23,1236.81,1225.95,1233.22,18166.30315
2021-01-18 22:00:00,1233.23,1243.31,1232.52,1240.9,17234.45345
2021-01-18 23:00:00,1240.79,1260.75,1233.05,1258.45,47907.88325
2021-01-19 00:00:00,1258.52,1274.0,1251.49,1261.56,65731.29174
2021-01-19 01:00:00,1261.79,1334.99,1261.74,1316.9,199295.33137
2021-01-19 02:00:00,1316.89,1342.88,1313.92,1339.25,115580.03726
2021-01-19 03:00:00,1339.25,1345.0,1317.03,1321.5,86097.7426
2021-01-19 04:00:00,1321.58,1331.2,1302.18,1303.87,60761.95671
2021-01-19 05:00:00,1304.3,1327.58,1303.64,1321.27,49929.44025
2021-01-19 06:00:00,1321.33,1339.5,1317.0,1330.11,57565.83112
2021-01-19 07:00:00,1330.24,1379.64,1322.58,1375.0,118892.63164
2021-01-19 08:00:00,1374.73,1389.43,1362.77,1375.56,122249.21639
2021-01-19 09:00:00,1375.55,1396.61,1370.16,1379.55,80136.51206
2021-01-19 10:00:00,1379.67,1394.0,1362.87,1385.27,77825.45186
2021-01-19 11:00:00,1385.27,1433.0,1381.42,1429.56,161540.98237
2021-01-19 12:00:00,1429.47,1438.3,1371.0,1386.07,165868.65919
2021-01-19 13:00:00,1386.02,1420.8,1385.64,1417.31,74194.99479
2021-01-19 14:00:00,1417.23,1424.24,1394.76,1406.44,64531.3694
2021-01-19 15:00:00,1406.43,1414.44,1382.76,1413.95,72237.80605
2021-01-19 16:00:00,1414.09,1437.59,1405.28,1422.93,119048.51788
2021-01-19 17:00:00,1422.94,1432.68,1410.2,1416.13,45706.87012
2021-01-19 18:00:00,1416.14,1416.27,1364.81,1368.44,101745.17634
2021-01-19 19:00:00,1368.43,1382.47,1334.41,1359.6,157323.52294
2021-01-19 20:00:00,1359.59,1387.95,1350.0,1383.91,88871.33027
2021-01-19 21:00:00,1383.86,1420.0,1381.35,1409.43,68673.00684
2021-01-19 22:00:00,1409.38,1424.96,1394.62,1409.73,55793.26844
2021-01-19 23:00:00,1409.73,1415.38,1365.16,1365.36,69251.60995
2021-01-20 00:00:00,1365.36,1407.93,1355.0,1405.0,86957.2092
2021-01-20 01:00:00,1405.0,1407.5,1380.1,1385.59,52990.92313
2021-01-20 02:00:00,1385.58,1398.63,1369.46,1398.04,56800.7862
2021-01-20 03:00:00,1398.08,1402.0,1340.0,1344.03,117534.20932
2021-01-20 04:00:00,1344.11,1362.02,1316.25,1356.11,124580.83327
2021-01-20 05:00:00,1356.4,1369.98,1350.85,1368.14,46990.03909
2021-01-20 06:00:00,1368.05,1374.96,1342.14,1348.93,67036.5581
2021-01-20 07:00:00,1349.04,1379.6,1339.71,1369.92,65069.36509
2021-01-20 08:00:00,1369.94,1373.46,1348.2,1349.97,55966.7469
2021-01-20 09:00:00,1349.97,1355.59,1299.99,1310.0,149659.63997
2021-01-20 10:00:00,1310.0,1315.54,1279.0,1303.17,170019.0531
2021-01-20 11:00:00,1303.17,1310.03,1250.0,1265.39,196772.67703
2021-01-20 12:00:00,1265.41,1298.5,1235.42,1293.26,161584.81789
2021-01-20 13:00:00,1293.28,1311.29,1261.17,1310.43,104297.9745
2021-01-20 14:00:00,1310.43,1321.95,1298.39,1303.39,87855.82837
2021-01-20 15:00:00,1303.42,1317.6,1266.45,1273.29,98129.03521
2021-01-20 16:00:00,1273.17,1312.0,1248.59,1311.32,175101.52656
2021-01-20 17:00:00,1311.39,1317.79,1288.02,1311.52,60299.55666
2021-01-20 18:00:00,1311.51,1321.52,1302.1,1317.99,47519.54009
2021-01-20 19:00:00,1317.71,1350.0,1313.92,1345.8,65812.37832
2021-01-20 20:00:00,1345.81,1355.0,1323.32,1332.15,57166.78272
2021-01-20 21:00:00,1332.21,1340.48,1305.0,1323.1,46135.66817
2021-01-20 22:00:00,1323.1,1341.84,1315.0,1333.84,27546.48168
2021-01-20 23:00:00,1334.14,1389.42,1321.0,1376.99,97309.99087
2021-01-21 00:00:00,1376.72,1390.0,1353.58,1363.48,65777.37502
2021-01-21 01:00:00,1363.48,1369.0,1328.62,1336.8,75504.01138
2021-01-21 02:00:00,1336.98,1342.85,1313.17,1329.0,75364.94785
2021-01-21 03:00:00,1328.95,1338.93,1308.3,1326.5,57443.01792
2021-01-21 04:00:00,1326.01,1336.22,1280.75,1287.34,88698.077
2021-01-21 05:00:00,1287.65,1307.86,1278.99,1305.55,70418.24098
2021-01-21 06:00:00,1305.54,1316.6,1299.01,1308.65,41675.74872
2021-01-21 07:00:00,1308.52,1323.66,1301.0,1309.62,34234.04199
2021-01-21 08:00:00,1309.53,1312.38,1260.0,1261.1,135738.22656
2021-01-21 09:00:00,1260.88,1276.0,1231.0,1261.06,185825.59054
2021-01-21 10:00:00,1261.06,1267.04,1222.0,1249.48,135346.17319
2021-01-21 11:00:00,1249.48,1257.86,1234.1,1236.31,84096.15512
2021-01-21 12:00:00,1236.43,1252.26,1190.0,1242.2,198919.85695
2021-01-21 13:00:00,1242.33,1260.0,1232.21,1237.43,80420.41819
2021-01-21 14:00:00,1237.19,1245.0,1195.41,1204.41,123086.39628
2021-01-21 15:00:00,1204.41,1232.0,1185.75,1188.68,120730.48976
2021-01-21 16:00:00,1188.54,1220.39,1164.0,1170.41,143040.11047
2021-01-21 17:00:00,1170.4,1200.22,1166.0,1195.58,88018.90706
2021-01-21 18:00:00,1195.95,1203.0,1182.0,1191.1,48852.97
2021-01-21 19:00:00,1191.0,1238.9,1186.67,1231.18,70052.98979
2021-01-21 20:00:00,1231.02,1235.0,1204.08,1205.18,43792.3718
2021-01-21 21:00:00,1205.37,1224.0,1170.0,1171.91,57288.19008
2021-01-21 22:00:00,1171.47,1172.55,1086.0,1135.53,178208.64909
2021-01-21 23:00:00,1135.58,1158.0,1109.23,1110.96,107675.61724
2021-01-22 00:00:00,1111.98,1124.33,1042.38,1066.54,289273.73732
2021-01-22 01:00:00,1066.77,1135.0,1042.31,1125.12,189352.68605
2021-01-22 02:00:00,1125.07,1161.1,1115.8,1157.59,117690.49517
2021-01-22 03:00:00,1157.59,1164.0,1126.44,1160.73,71190.4929
2021-01-22 04:00:00,1160.65,1189.0,1152.21,1158.57,91771.34395
2021-01-22 05:00:00,1158.61,1184.45,1147.11,1174.28,77677.26654
2021-01-22 06:00:00,1174.51,1178.57,1160.0,1162.92,68178.70951
2021-01-22 07:00:00,1163.09,1176.55,1132.0,1143.58,80778.41175
2021-01-22 08:00:00,1143.57,1167.52,1121.49,1164.13,87438.64742
2021-01-22 09:00:00,1164.07,1182.0,1153.01,1171.24,72709.71
2021-01-22 10:00:00,1171.24,1182.73,1157.41,1177.41,71479.01481
2021-01-22 11:00:00,1177.48,1210.95,1176.23,1197.57,116256.25288
2021-01-22 12:00:00,1197.36,1222.2,1195.6,1203.92,72075.55805
2021-01-22 13:00:00,1203.86,1228.5,1193.28,1219.45,77114.53217
2021-01-22 14:00:00,1219.39,1233.88,1219.39,1232.9,61866.58066
2021-01-22 15:00:00,1233.15,1242.01,1218.64,1232.88,64900.88858
2021-01-22 16:00:00,1233.14,1252.82,1214.87,1238.28,83943.54692
2021-01-22 17:00:00,1238.56,1243.28,1223.49,1234.08,40357.31781
2021-01-22 18:00:00,1234.16,1262.5,1225.0,1261.71,56920.18892
2021-01-22 19:00:00,1261.61,1272.29,1255.39,1267.61,55307.96593
2021-01-22 20:00:00,1267.69,1273.79,1244.91,1248.85,50986.46083
2021-01-22 21:00:00,1248.85,1259.0,1239.96,1243.31,38299.19607
2021-01-22 22:00:00,1243.47,1256.89,1222.11,1225.01,31782.23081
2021-01-22 23:00:00,1224.94,1241.0,1218.0,1232.62,53241.98168
2021-01-23 00:00:00,1232.61,1233.33,1205.7,1228.06,71481.91076
2021-01-23 01:00:00,1228.4,1241.58,1210.87,1232.79,46412.70902
2021-01-23 02:00:00,1232.79,1242.85,1210.0,1219.29,38734.26934
2021-01-23 03:00:00,1219.46,1239.38,1216.07,1231.67,25706.94049
2021-01-23 04:00:00,1231.67,1250.93,1229.0,1247.82,33808.03426
2021-01-23 05:00:00,1247.97,1265.51,1235.17,1263.54,38534.76542
2021-01-23 06:00:00,1263.53,1267.0,1252.14,1253.45,30009.98924
2021-01-23 07:00:00,1253.45,1268.49,1248.26,1259.62,33110.16664
2021-01-23 08:00:00,1259.61,1270.0,1249.0,1266.43,38095.70484
2021-01-23 09:00:00,1266.44,1272.44,1251.93,1256.01,42490.40168
2021-01-23 10:00:00,1256.21,1259.0,1237.03,1246.46,50227.64698
2021-01-23 11:00:00,1246.5,1252.94,1212.5,1219.07,79003.5171
2021-01-23 12:00:00,1219.07,1233.9,1214.58,1217.84,45157.79423
2021-01-23 13:00:00,1217.99,1242.08,1195.9,1231.92,72759.40692
2021-01-23 14:00:00,1231.92,1236.19,1216.14,1219.15,31568.6175
2021-01-23 15:00:00,1218.96,1239.34,1216.0,1230.26,33844.25898
2021-01-23 16:00:00,1230.26,1259.86,1223.75,1242.92,67256.76206
2021-01-23 17:00:00,1243.01,1254.8,1238.84,1252.99,32972.26683
2021-01-23 18:00:00,1252.99,1260.66,1244.06,1249.09,43838.37581
2021-01-23 19:00:00,1248.96,1264.0,1248.12,1257.83,31543.50467
2021-01-23 20:00:00,1257.83,1259.86,1243.32,1251.15,27999.9403
2021-01-23 21:00:00,1251.15,1254.99,1229.26,1246.2,39907.20587
2021-01-23 22:00:00,1246.38,1248.76,1230.79,1236.0,29888.6003
2021-01-23 23:00:00,1235.99,1240.2,1223.85,1233.6,25192.29334
2021-01-24 00:00:00,1233.46,1242.66,1220.0,1232.01,31182.51702
2021-01-24 01:00:00,1232.01,1247.93,1228.0,1237.64,28145.2228
2021-01-24 02:00:00,1237.42,1265.0,1235.0,1257.06,80332.64857
2021-01-24 03:00:00,1257.04,1294.0,1256.87,1293.33,66350.76316
2021-01-24 04:00:00,1293.53,1322.34,1288.52,1319.9,117848.13614
2021-01-24 05:00:00,1319.8,1334.88,1315.02,1326.0,89012.59038
2021-01-24 06:00:00,1325.99,1332.13,1312.0,1320.09,52412.95812
2021-01-24 07:00:00,1320.22,1325.0,1305.72,1314.74,43257.01391
2021-01-24 08:00:00,1314.74,1325.52,1310.0,1325.08,47637.21791
2021-01-24 09:00:00,1325.0,1347.0,1320.65,1340.56,77451.49405
2021-01-24 10:00:00,1340.77,1344.17,1325.13,1339.98,42016.90311
2021-01-24 11:00:00,1339.99,1350.04,1335.0,1342.97,50780.41087
2021-01-24 12:00:00,1343.07,1348.26,1311.56,1325.07,80799.18941
2021-01-24 13:00:00,1325.07,1329.44,1316.0,1322.43,66872.63027
2021-01-24 14:00:00,1322.59,1329.73,1298.22,1304.56,59373.06075
2021-01-24 15:00:00,1304.56,1324.34,1303.55,1320.5,41991.87162
2021-01-24 16:00:00,1320.5,1338.24,1304.0,1328.36,82022.39501
2021-01-24 17:00:00,1328.36,1365.0,1325.51,1357.52,104905.90538
2021-01-24 18:00:00,1357.62,1359.7,1343.39,1348.84,44697.09353
2021-01-24 19:00:00,1348.84,1358.61,1310.0,1326.37,95825.20392
2021-01-24 20:00:00,1326.37,1345.96,1324.13,1342.9,40411.74981
2021-01-24 21:00:00,1342.89,1355.01,1332.76,1352.15,33545.61016
2021-01-24 22:00:00,1352.29,1376.88,1343.55,1367.99,47888.68329
2021-01-24 23:00:00,1367.99,1398.83,1367.93,1392.51,86118.26898
2021-01-25 00:00:00,1392.19,1475.0,1383.12,1456.96,257887.25608
2021-01-25 01:00:00,1456.97,1461.24,1418.48,1433.42,113563.1114
2021-01-25 02:00:00,1433.2,1442.87,1418.73,1428.72,62222.95419
2021-01-25 03:00:00,1428.75,1441.22,1421.01,1426.91,56419.12987
2021-01-25 04:00:00,1426.99,1433.94,1392.2,1423.02,83154.61405
2021-01-25 05:00:00,1423.02,1440.8,1417.65,1440.46,45716.45119
2021-01-25 06:00:00,1440.45,1445.0,1414.94,1426.59,42465.1839
2021-01-25 07:00:00,1426.5,1429.26,1402.36,1424.61,50691.0845
2021-01-25 08:00:00,1424.65,1427.72,1400.23,1422.97,53236.41267
2021-01-25 09:00:00,1422.98,1424.88,1382.28,1390.77,71526.23103
2021-01-25 10:00:00,1390.72,1405.0,1379.08,1402.63,76526.01007
2021-01-25 11:00:00,1402.63,1421.85,1392.11,1411.18,43378.53775
2021-01-25 12:00:00,1411.41,1444.36,1404.74,1426.06,91772.66899
2021-01-25 13:00:00,1426.24,1438.66,1405.5,1416.76,86370.76792
2021-01-25 14:00:00,1416.76,1427.0,1400.0,1405.66,51227.69282
2021-01-25 15:00:00,1405.7,1438.45,1399.44,1434.87,61839.44375
2021-01-25 16:00:00,1434.95,1442.72,1387.0,1405.5,108235.3276
2021-01-25 17:00:00,1405.54,1414.99,1388.26,1398.98,49005.57517
2021-01-25 18:00:00,1398.99,1405.26,1354.86,1375.58,83675.53564
2021-01-25 19:00:00,1375.54,1395.0,1364.81,1382.87,45350.51792
2021-01-25 20:00:00,1382.9,1383.63,1353.14,1370.0,59479.81821
2021-01-25 21:00:00,1369.98,1370.05,1311.02,1347.38,132189.13716
2021-01-25 22:00:00,1347.43,1348.0,1293.69,1327.87,98492.93061
2021-01-25 23:00:00,1327.87,1342.0,1313.0,1317.88,61014.9204
2021-01-26 00:00:00,1317.6,1374.52,1304.04,1367.83,96759.32971
2021-01-26 01:00:00,1367.82,1378.49,1347.07,1378.38,53104.85887
2021-01-26 02:00:00,1378.16,1378.38,1342.3,1350.24,42227.55969
2021-01-26 03:00:00,1350.29,1358.21,1297.0,1312.8,96651.36839
2021-01-26 04:00:00,1312.8,1349.0,1310.15,1339.28,64435.61295
2021-01-26 05:00:00,1339.27,1348.01,1325.59,1338.77,34801.89945
2021-01-26 06:00:00,1338.63,1338.71,1310.0,1314.44,60170.07361
2021-01-26 07:00:00,1314.41,1324.17,1301.56,1317.41,58235.49747
2021-01-26 08:00:00,1317.34,1333.48,1305.17,1328.96,46921.53805
2021-01-26 09:00:00,1328.83,1332.76,1294.83,1315.31,67375.56984
2021-01-26 10:00:00,1315.5,1344.82,1310.56,1336.72,60057.23738
2021-01-26 11:00:00,1336.71,1337.0,1309.38,1313.46,41442.70824
2021-01-26 12:00:00,1313.61,1319.69,1270.0,1272.83,105540.64169
2021-01-26 13:00:00,1273.02,1294.29,1259.55,1285.49,111869.46173
2021-01-26 14:00:00,1285.49,1290.61,1244.56,1259.47,113799.89616
2021-01-26 15:00:00,1259.47,1291.5,1258.77,1279.95,79512.91689
2021-01-26 16:00:00,1279.94,1313.2,1267.02,1308.35,132397.92677
2021-01-26 17:00:00,1308.35,1329.98,1302.91,1329.39,70593.34249
2021-01-26 18:00:00,1329.4,1337.8,1317.76,1332.82,63278.55456
2021-01-26 19:00:00,1332.82,1353.0,1332.23,1341.94,61002.27984
2021-01-26 20:00:00,1341.93,1361.98,1331.02,1336.71,64492.3505
2021-01-26 21:00:00,1337.11,1362.77,1328.83,1333.83,51422.32501
2021-01-26 22:00:00,1333.83,1361.01,1325.0,1361.01,33972.50222
2021-01-26 23:00:00,1360.85,1374.22,1348.77,1365.97,72858.20648
2021-01-27 00:00:00,1366.54,1373.9,1331.39,1346.31,63145.27266
2021-01-27 01:00:00,1346.31,1349.75,1313.59,1319.53,66246.19604
2021-01-27 02:00:00,1319.68,1329.73,1300.0,1301.6,42851.53587
2021-01-27 03:00:00,1301.69,1310.39,1300.0,1309.0,49625.07649
2021-01-27 04:00:00,1309.01,1320.02,1297.8,1309.67,53756.92074
2021-01-27 05:00:00,1309.68,1311.16,1273.13,1284.01,70109.76232
2021-01-27 06:00:00,1284.0,1294.95,1278.0,1292.27,40508.34139
2021-01-27 07:00:00,1292.26,1310.73,1285.27,1293.36,42983.01197
2021-01-27 08:00:00,1293.37,1293.62,1259.67,1261.53,79130.36154
2021-01-27 09:00:00,1261.53,1274.51,1250.0,1271.01,95267.48437
2021-01-27 10:00:00,1271.05,1280.21,1260.17,1275.99,82957.88804
2021-01-27 11:00:00,1276.0,1302.38,1245.0,1249.02,130189.34384
2021-01-27 12:00:00,1248.78,1271.57,1242.75,1264.73,119477.2332
2021-01-27 13:00:00,1264.74,1279.0,1235.22,1236.09,87615.09353
2021-01-27 14:00:00,1236.08,1249.01,1207.0,1224.82,186475.27203
2021-01-27 15:00:00,1224.82,1286.15,1216.52,1281.08,114242.72344
2021-01-27 16:00:00,1281.4,1307.76,1263.66,1267.72,135503.20708
2021-01-27 17:00:00,1267.72,1285.98,1241.21,1257.24,107533.52488
2021-01-27 18:00:00,1257.26,1260.61,1222.17,1225.55,88558.2733
2021-01-27 19:00:00,1225.55,1279.29,1224.02,1268.77,101751.8174
2021-01-27 20:00:00,1268.78,1297.0,1258.64,1287.61,92315.79818
2021-01-27 21:00:00,1287.42,1291.52,1258.41,1274.54,45986.40411
2021-01-27 22:00:00,1274.65,1284.73,1236.11,1249.96,55390.23256
2021-01-27 23:00:00,1249.96,1256.41,1233.11,1239.03,58151.3086
2021-01-28 00:00:00,1238.93,1261.25,1217.23,1258.62,78171.689
2021-01-28 01:00:00,1258.82,1267.55,1244.69,1265.74,42670.96275
2021-01-28 02:00:00,1265.81,1281.8,1264.36,1268.59,47384.45075
2021-01-28 03:00:00,1268.58,1290.87,1264.0,1287.59,35655.67436
2021-01-28 04:00:00,1287.31,1292.0,1270.71,1282.76,36127.43937
2021-01-28 05:00:00,1282.75,1303.18,1271.55,1301.42,46569.19573
2021-01-28 06:00:00,1301.41,1325.0,1300.26,1304.03,82873.6531
2021-01-28 07:00:00,1304.14,1309.06,1279.34,1284.88,48394.72638
2021-01-28 08:00:00,1284.93,1292.9,1272.0,1277.27,42720.50734
2021-01-28 09:00:00,1277.27,1303.1,1260.0,1301.77,54167.00634
2021-01-28 10:00:00,1301.77,1307.8,1280.26,1299.62,59491.70391
2021-01-28 11:00:00,1299.69,1309.08,1287.92,1302.55,51841.52676
2021-01-28 12:00:00,1302.54,1324.19,1292.59,1318.89,83298.00995
2021-01-28 13:00:00,1318.9,1343.27,1306.5,1343.0,84620.89286
2021-01-28 14:00:00,1342.65,1358.61,1330.56,1346.89,102104.07846
2021-01-28 15:00:00,1346.76,1352.24,1334.0,1350.43,76553.00213
2021-01-28 16:00:00,1350.43,1355.0,1330.42,1351.41,69258.02194
2021-01-28 17:00:00,1351.41,1356.0,1332.36,1336.41,55438.44656
2021-01-28 18:00:00,1336.41,1344.0,1320.0,1339.81,51378.50889
2021-01-28 19:00:00,1339.82,1342.3,1330.02,1332.24,31792.57086
2021-01-28 20:00:00,1332.36,1350.55,1324.28,1331.48,48166.79332
2021-01-28 21:00:00,1331.47,1349.5,1331.17,1347.63,37191.98219
2021-01-28 22:00:00,1347.63,1360.0,1346.26,1349.31,40465.35861
2021-01-28 23:00:00,1349.31,1355.8,1323.35,1329.69,58933.51806
2021-01-29 00:00:00,1329.44,1374.13,1327.25,1367.7,101281.51394
2021-01-29 01:00:00,1367.71,1372.2,1336.12,1343.41,58050.456
2021-01-29 02:00:00,1343.41,1352.83,1335.71,1340.68,47117.14168
2021-01-29 03:00:00,1340.62,1344.88,1309.04,1320.82,66415.87954
2021-01-29 04:00:00,1320.8,1326.53,1285.35,1305.59,90494.27921
2021-01-29 05:00:00,1305.61,1311.07,1295.5,1302.9,56621.102
2021-01-29 06:00:00,1302.9,1315.69,1292.68,1301.47,49137.72594
2021-01-29 07:00:00,1301.47,1318.78,1292.53,1315.9,55667.44922
2021-01-29 08:00:00,1315.86,1382.6,1295.01,1375.82,134678.88788
2021-01-29 09:00:00,1375.82,1396.83,1345.0,1369.93,288610.14525
2021-01-29 10:00:00,1369.92,1378.74,1345.0,1378.12,116849.61855
2021-01-29 11:00:00,1378.09,1429.99,1378.08,1416.96,173407.91219
2021-01-29 12:00:00,1416.83,1422.93,1397.04,1419.72,99517.28788
2021-01-29 13:00:00,1419.51,1428.57,1401.0,1424.74,88561.47846
2021-01-29 14:00:00,1424.52,1436.9,1371.33,1392.22,149557.32671
2021-01-29 15:00:00,1392.22,1406.33,1388.43,1396.18,71519.56122
2021-01-29 16:00:00,1396.48,1408.54,1366.52,1375.72,78336.23264
2021-01-29 17:00:00,1375.72,1394.37,1365.0,1372.52,72237.42525
2021-01-29 18:00:00,1372.58,1380.34,1339.1,1352.92,94271.55147
2021-01-29 19:00:00,1352.92,1356.18,1313.12,1348.3,102337.39593
2021-01-29 20:00:00,1348.03,1359.68,1331.78,1348.76,67750.21702
2021-01-29 21:00:00,1348.68,1378.08,1345.88,1372.07,58365.53946
2021-01-29 22:00:00,1372.01,1409.99,1370.02,1396.19,67122.84453
2021-01-29 23:00:00,1396.2,1396.85,1368.52,1379.5,66054.21485
2021-01-30 00:00:00,1379.56,1406.0,1366.07,1366.57,81027.31496
2021-01-30 01:00:00,1366.73,1391.6,1364.41,1369.69,44887.32552
2021-01-30 02:00:00,1369.83,1375.58,1343.78,1346.65,56461.82284
2021-01-30 03:00:00,1346.62,1354.39,1326.41,1342.71,73896.64256
2021-01-30 04:00:00,1342.79,1351.85,1339.5,1343.13,46684.98335
2021-01-30 05:00:00,1343.26,1354.0,1329.0,1336.82,37543.52537
2021-01-30 06:00:00,1336.81,1349.8,1328.16,1347.02,39658.51376
2021-01-30 07:00:00,1347.04,1357.0,1336.66,1346.87,41292.16453
2021-01-30 08:00:00,1347.07,1352.64,1336.18,1342.37,38103.95111
2021-01-30 09:00:00,1342.2,1351.49,1338.69,1345.19,36542.48174
2021-01-30 10:00:00,1345.2,1354.55,1337.21,1352.3,40545.81914
2021-01-30 11:00:00,1352.3,1354.04,1338.51,1340.01,37155.83159
2021-01-30 12:00:00,1340.01,1342.0,1330.25,1338.6,31362.78985
2021-01-30 13:00:00,1338.59,1366.96,1337.11,1364.91,45077.60162
2021-01-30 14:00:00,1364.91,1375.22,1359.25,1367.47,48267.1592
2021-01-30 15:00:00,1367.56,1380.3,1364.22,1371.27,40566.85831
2021-01-30 16:00:00,1371.26,1374.58,1345.0,1358.43,74470.89104
2021-01-30 17:00:00,1358.43,1375.99,1356.56,1370.43,44051.2662
2021-01-30 18:00:00,1370.57,1377.38,1363.11,1376.37,27233.17397
2021-01-30 19:00:00,1376.36,1380.0,1365.0,1371.51,28319.20758
2021-01-30 20:00:00,1371.64,1388.0,1371.63,1376.63,36840.40246
2021-01-30 21:00:00,1376.52,1385.3,1368.34,1384.25,22947.90394
2021-01-30 22:00:00,1384.25,1390.0,1380.67,1385.43,24841.06878
2021-01-30 23:00:00,1385.43,1388.26,1370.6,1378.05,42263.53688
2021-01-31 00:00:00,1378.04,1380.74,1360.01,1367.24,35015.31582
2021-01-31 01:00:00,1367.24,1373.98,1361.77,1372.02,23660.82644
2021-01-31 02:00:00,1372.3,1377.69,1354.0,1359.3,30781.24489
2021-01-31 03:00:00,1359.29,1364.46,1354.17,1357.49,23596.50247
2021-01-31 04:00:00,1357.49,1365.2,1351.0,1361.76,26730.73431
2021-01-31 05:00:00,1361.76,1361.82,1344.78,1350.49,30526.38093
2021-01-31 06:00:00,1350.49,1354.76,1345.42,1348.99,24665.23762
2021-01-31 07:00:00,1348.82,1355.53,1342.0,1346.28,28519.50755
2021-01-31 08:00:00,1346.28,1354.0,1338.63,1348.5,34132.90559
2021-01-31 09:00:00,1348.51,1353.59,1339.75,1340.21,28992.72146
2021-01-31 10:00:00,1340.22,1353.92,1338.0,1352.1,30328.03872
2021-01-31 11:00:00,1352.09,1357.43,1350.0,1354.29,31523.91848
2021-01-31 12:00:00,1354.36,1371.85,1350.0,1359.29,68082.65718
2021-01-31 13:00:00,1359.2,1362.42,1344.69,1349.08,32658.62401
2021-01-31 14:00:00,1349.07,1352.24,1331.11,1331.12,44350.40841
2021-01-31 15:00:00,1331.12,1337.38,1291.68,1311.1,133279.68523
2021-01-31 16:00:00,1311.01,1320.0,1296.29,1312.51,68381.98073
2021-01-31 17:00:00,1312.5,1318.0,1284.07,1289.96,72578.08147
2021-01-31 18:00:00,1289.89,1306.63,1281.12,1288.24,41580.09784
2021-01-31 19:00:00,1288.37,1308.0,1286.81,1305.0,34787.20554
2021-01-31 20:00:00,1305.0,1313.26,1292.0,1309.46,32087.30602
2021-01-31 21:00:00,1309.47,1311.7,1293.88,1294.44,28590.21024
2021-01-31 22:00:00,1294.33,1316.32,1293.79,1311.1,22442.89693
2021-01-31 23:00:00,1311.03,1321.93,1307.68,1312.55,31412.36783
2021-02-01 00:00:00,1312.45,1312.68,1269.99,1279.97,102595.40826
2021-02-01 01:00:00,1279.85,1322.41,1277.76,1318.54,68955.91027
2021-02-01 02:00:00,1318.55,1324.63,1307.54,1318.15,37422.18649
2021-02-01 03:00:00,1317.91,1321.58,1310.16,1316.92,38787.26487
2021-02-01 04:00:00,1316.91,1330.0,1312.01,1314.96,55432.23898
2021-02-01 05:00:00,1314.86,1324.6,1310.0,1320.48,36354.29746
2021-02-01 06:00:00,1320.6,1337.83,1301.7,1309.67,61325.47517
2021-02-01 07:00:00,1309.67,1320.89,1304.39,1316.67,34120.74459
2021-02-01 08:00:00,1316.65,1332.75,1307.52,1331.98,44898.59392
2021-02-01 09:00:00,1331.99,1338.57,1324.47,1328.61,45333.66807
2021-02-01 10:00:00,1328.61,1339.16,1322.35,1324.65,45628.50158
2021-02-01 11:00:00,1324.65,1345.19,1323.0,1336.41,61777.5083
2021-02-01 12:00:00,1336.4,1345.52,1325.0,1330.1,47461.33322
2021-02-01 13:00:00,1330.11,1337.49,1324.61,1327.27,39212.87304
2021-02-01 14:00:00,1326.93,1330.18,1310.0,1314.28,44581.12394
2021-02-01 15:00:00,1314.27,1320.0,1301.51,1301.73,43652.15927
2021-02-01 16:00:00,1301.96,1313.23,1300.0,1309.18,41596.15178
2021-02-01 17:00:00,1309.17,1322.0,1305.94,1318.49,35566.41106
2021-02-01 18:00:00,1318.5,1328.06,1316.48,1326.0,22417.77673
2021-02-01 19:00:00,1325.99,1334.0,1324.56,1332.74,23215.20463
2021-02-01 20:00:00,1332.74,1340.0,1332.07,1336.03,28663.07093
2021-02-01 21:00:00,1336.06,1352.0,1329.37,1350.12,32715.64581
2021-02-01 22:00:00,1349.99,1364.9,1343.06,1357.36,48537.22062
2021-02-01 23:00:00,1357.48,1377.99,1356.2,1374.17,56147.14963
2021-02-02 00:00:00,1374.09,1411.02,1373.85,1380.61,119384.73942
2021-02-02 01:00:00,1380.61,1387.62,1367.0,1381.43,46579.2161
2021-02-02 02:00:00,1381.51,1390.0,1369.0,1372.67,41979.72418
2021-02-02 03:00:00,1372.67,1377.0,1360.28,1368.79,33603.2584
2021-02-02 04:00:00,1368.8,1385.95,1367.5,1380.87,32995.13048
2021-02-02 05:00:00,1380.84,1396.3,1378.0,1388.08,35963.2457
2021-02-02 06:00:00,1388.08,1410.71,1387.92,1405.0,63913.21042
2021-02-02 07:00:00,1405.18,1425.99,1404.04,1415.0,98975.13406
2021-02-02 08:00:00,1415.0,1454.78,1405.62,1451.29,148891.97774
2021-02-02 09:00:00,1451.26,1458.0,1426.38,1436.82,121037.48205
2021-02-02 10:00:00,1436.93,1447.34,1427.63,1439.65,54232.30713
2021-02-02 11:00:00,1439.66,1448.48,1411.55,1419.58,72321.88302
2021-02-02 12:00:00,1419.58,1436.31,1408.0,1424.81,53499.40799
2021-02-02 13:00:00,1424.92,1443.04,1420.54,1426.81,49478.94171
2021-02-02 14:00:00,1426.81,1436.88,1411.46,1432.48,69318.27631
2021-02-02 15:00:00,1432.3,1447.71,1421.02,1427.87,71979.67767
2021-02-02 16:00:00,1427.88,1500.0,1421.56,1493.51,226229.56067
2021-02-02 17:00:00,1493.45,1499.99,1464.06,1472.94,104185.83737
2021-02-02 18:00:00,1472.99,1493.0,1468.41,1490.29,56108.55855
2021-02-02 19:00:00,1490.28,1516.62,1480.12,1516.13,95788.4846
2021-02-02 20:00:00,1516.29,1541.13,1497.12,1532.49,146176.70853
2021-02-02 21:00:00,1532.49,1536.73,1513.26,1519.22,74696.48682
2021-02-02 22:00:00,1519.08,1547.9,1515.88,1534.46,68377.9091
2021-02-02 23:00:00,1534.74,1538.84,1510.0,1511.87,58510.84076
2021-02-03 00:00:00,1511.93,1533.0,1511.87,1519.39,56348.1442
2021-02-03 01:00:00,1519.44,1529.76,1510.2,1519.21,43206.443
2021-02-03 02:00:00,1519.21,1529.66,1508.39,1529.12,44394.57573
2021-02-03 03:00:00,1529.3,1548.0,1527.87,1539.57,52880.02728
2021-02-03 04:00:00,1539.71,1561.88,1537.69,1554.16,70626.24532
2021-02-03 05:00:00,1554.15,1555.0,1538.81,1543.0,44800.04307
2021-02-03 06:00:00,1543.01,1571.0,1541.91,1566.0,58525.58495
2021-02-03 07:00:00,1565.99,1566.0,1542.2,1547.09,57835.09895
2021-02-03 08:00:00,1547.15,1550.0,1512.38,1530.14,92540.3339
2021-02-03 09:00:00,1530.26,1548.0,1513.26,1529.03,66404.04108
2021-02-03 10:00:00,1528.97,1551.12,1521.15,1547.25,45083.94644
2021-02-03 11:00:00,1547.33,1560.0,1534.0,1537.68,56990.00896
2021-02-03 12:00:00,1537.93,1554.12,1523.24,1539.78,56536.14247
2021-02-03 13:00:00,1539.75,1564.74,1530.25,1550.68,58865.04773
2021-02-03 14:00:00,1550.68,1559.0,1538.18,1555.13,50651.33289
2021-02-03 15:00:00,1555.12,1599.86,1551.08,1597.25,117769.77788
2021-02-03 16:00:00,1597.56,1615.5,1580.1,1607.21,124983.68869
2021-02-03 17:00:00,1607.21,1642.26,1600.12,1640.25,94156.11597
2021-02-03 18:00:00,1640.24,1650.0,1621.08,1647.82,72604.57372
2021-02-03 19:00:00,1647.82,1649.73,1616.09,1616.1,61083.82137
2021-02-03 20:00:00,1616.1,1638.0,1600.44,1634.43,66393.69006
2021-02-03 21:00:00,1634.51,1644.45,1620.09,1630.99,48649.49905
2021-02-03 22:00:00,1631.0,1648.0,1628.48,1636.61,36664.59947
2021-02-03 23:00:00,1636.66,1669.35,1630.7,1664.49,57877.10583
2021-02-04 00:00:00,1664.67,1679.9,1661.25,1677.53,65639.52986
2021-02-04 01:00:00,1677.41,1695.0,1675.51,1691.29,69635.82566
2021-02-04 02:00:00,1691.32,1695.2,1646.0,1677.71,78701.73345
2021-02-04 03:00:00,1677.43,1685.0,1632.51,1645.84,64048.43408
2021-02-04 04:00:00,1645.85,1667.2,1635.0,1662.49,39681.10096
2021-02-04 05:00:00,1662.61,1671.0,1649.0,1655.2,41154.75226
2021-02-04 06:00:00,1655.21,1683.0,1649.01,1676.58,47222.09574
2021-02-04 07:00:00,1676.58,1683.16,1662.17,1662.83,42963.47816
2021-02-04 08:00:00,1662.52,1684.66,1626.0,1638.44,78197.50964
2021-02-04 09:00:00,1638.5,1646.47,1570.96,1645.04,173074.85768
2021-02-04 10:00:00,1644.97,1651.47,1632.11,1640.51,57597.87177
2021-02-04 11:00:00,1640.21,1645.48,1611.72,1611.74,67094.67625
2021-02-04 12:00:00,1611.77,1643.21,1605.68,1635.48,55593.53691
2021-02-04 13:00:00,1635.48,1638.78,1618.01,1631.9,40321.25904
2021-02-04 14:00:00,1631.89,1640.0,1586.01,1591.75,96024.38272
2021-02-04 15:00:00,1591.76,1603.38,1554.44,1580.88,141945.7208
2021-02-04 16:00:00,1580.8,1633.07,1565.0,1629.19,96559.99174
2021-02-04 17:00:00,1629.19,1649.3,1623.33,1631.74,81251.28431
2021-02-04 18:00:00,1631.73,1653.96,1627.92,1653.18,49354.05584
2021-02-04 19:00:00,1653.04,1664.51,1636.9,1652.99,68682.38358
2021-02-04 20:00:00,1652.96,1670.67,1639.17,1657.18,53801.48344
2021-02-04 21:00:00,1657.18,1661.81,1627.51,1639.62,35907.28368
2021-02-04 22:00:00,1639.53,1640.52,1600.0,1625.69,50681.31191
2021-02-04 23:00:00,1625.69,1628.74,1588.0,1595.67,51367.77014
2021-02-05 00:00:00,1595.53,1623.0,1591.0,1614.66,49458.98822
2021-02-05 01:00:00,1614.74,1624.55,1594.42,1596.77,37994.37626
2021-02-05 02:00:00,1596.7,1620.0,1594.41,1617.9,34803.35868
2021-02-05 03:00:00,1617.9,1653.21,1614.05,1639.99,55991.51062
2021-02-05 04:00:00,1639.99,1643.92,1628.51,1634.45,23704.2485
2021-02-05 05:00:00,1634.59,1644.96,1622.24,1631.09,25093.63364
2021-02-05 06:00:00,1631.24,1663.08,1631.08,1645.27,46302.30888
2021-02-05 07:00:00,1645.27,1669.5,1645.26,1662.36,47763.71493
2021-02-05 08:00:00,1662.6,1674.37,1648.19,1667.43,48566.99119
2021-02-05 09:00:00,1667.57,1676.27,1650.0,1650.73,42885.45822
2021-02-05 10:00:00,1650.72,1666.86,1641.22,1644.28,41909.74582
2021-02-05 11:00:00,1644.21,1663.8,1642.57,1662.78,27456.99148
2021-02-05 12:00:00,1662.79,1677.19,1657.35,1661.16,49726.78257
2021-02-05 13:00:00,1661.04,1721.5,1660.79,1716.78,87759.59821
2021-02-05 14:00:00,1716.57,1748.0,1706.63,1737.72,109587.8345
2021-02-05 15:00:00,1737.7,1748.0,1719.02,1741.99,74125.89803
2021-02-05 16:00:00,1742.0,1760.49,1701.8,1724.47,100940.46325
2021-02-05 17:00:00,1724.47,1733.0,1713.16,1726.97,50040.82786
2021-02-05 18:00:00,1726.99,1729.0,1683.0,1684.19,70833.63939
2021-02-05 19:00:00,1684.41,1716.5,1682.0,1709.91,49639.06795
2021-02-05 20:00:00,1710.02,1724.0,1695.0,1720.52,37302.83774
2021-02-05 21:00:00,1720.58,1726.45,1710.0,1719.01,26597.85926
2021-02-05 22:00:00,1719.01,1719.01,1700.0,1701.72,23959.94484
2021-02-05 23:00:00,1701.72,1724.92,1700.08,1719.19,31677.21942
2021-02-06 00:00:00,1718.95,1743.67,1717.99,1727.46,46714.50955
2021-02-06 01:00:00,1727.45,1729.48,1645.48,1672.96,128149.00233
2021-02-06 02:00:00,1672.96,1692.5,1661.63,1679.52,71118.81732
2021-02-06 03:00:00,1679.53,1687.77,1662.26,1682.19,51598.74796
2021-02-06 04:00:00,1682.19,1682.51,1665.48,1671.97,34074.05852
2021-02-06 05:00:00,1671.98,1673.89,1642.94,1660.91,68985.31128
2021-02-06 06:00:00,1660.9,1681.18,1657.97,1679.02,37617.14685
2021-02-06 07:00:00,1679.0,1682.0,1672.12,1673.32,30849.72666
2021-02-06 08:00:00,1673.21,1709.0,1672.01,1699.99,48661.08142
2021-02-06 09:00:00,1699.99,1718.47,1689.89,1694.46,65955.89013
2021-02-06 10:00:00,1694.42,1696.0,1675.0,1691.82,40878.6004
2021-02-06 11:00:00,1691.82,1697.55,1673.21,1679.67,57944.54589
2021-02-06 12:00:00,1679.67,1689.84,1663.0,1674.68,42988.31628
2021-02-06 13:00:00,1674.68,1687.8,1669.06,1676.36,37893.19359
2021-02-06 14:00:00,1676.29,1697.52,1676.15,1686.53,32600.90322
2021-02-06 15:00:00,1686.79,1695.01,1671.92,1673.04,42964.509
2021-02-06 16:00:00,1673.04,1694.0,1655.23,1694.0,55478.4721
2021-02-06 17:00:00,1694.0,1708.0,1678.51,1704.25,40704.14293
2021-02-06 18:00:00,1704.41,1714.0,1691.57,1707.15,38108.68425
2021-02-06 19:00:00,1706.88,1719.99,1695.0,1707.67,41233.69503
2021-02-06 20:00:00,1707.89,1709.85,1683.1,1693.71,42895.14207
2021-02-06 21:00:00,1693.71,1714.99,1691.85,1708.44,29966.0023
2021-02-06 22:00:00,1708.4,1718.68,1695.17,1701.63,20675.60573
2021-02-06 23:00:00,1701.49,1703.49,1671.33,1676.35,41752.2262
2021-02-07 00:00:00,1676.35,1693.0,1671.0,1682.99,32753.54067
2021-02-07 01:00:00,1683.0,1685.43,1631.1,1642.16,70281.00206
2021-02-07 02:00:00,1642.19,1647.8,1609.03,1628.16,79024.17561
2021-02-07 03:00:00,1628.2,1633.48,1614.88,1626.53,34402.8475
2021-02-07 04:00:00,1626.41,1632.41,1585.44,1608.38,63792.88961
2021-02-07 05:00:00,1608.02,1620.99,1600.73,1615.22,37305.01
2021-02-07 06:00:00,1615.22,1619.75,1606.59,1611.51,24726.19164
2021-02-07 07:00:00,1611.51,1639.67,1606.75,1632.0,42900.40224
2021-02-07 08:00:00,1632.01,1647.38,1628.6,1640.85,40865.67771
2021-02-07 09:00:00,1640.85,1643.68,1630.8,1636.26,31126.11035
2021-02-07 10:00:00,1636.27,1655.77,1634.08,1637.45,33963.62451
2021-02-07 11:00:00,1637.45,1638.16,1613.48,1624.91,38820.15544
2021-02-07 12:00:00,1624.89,1629.39,1600.0,1616.44,47042.97114
2021-02-07 13:00:00,1616.44,1627.98,1579.12,1585.5,76016.77227
2021-02-07 14:00:00,1585.49,1587.15,1560.6,1571.31,72337.1296
2021-02-07 15:00:00,1571.29,1577.15,1525.01,1538.21,111147.32628
2021-02-07 16:00:00,1538.19,1556.78,1490.46,1554.54,145410.35073
2021-02-07 17:00:00,1554.39,1575.73,1546.0,1555.14,66498.05473
2021-02-07 18:00:00,1555.14,1585.96,1552.65,1580.66,44482.29537
2021-02-07 19:00:00,1580.65,1589.99,1561.99,1565.44,36495.3515
2021-02-07 20:00:00,1565.64,1584.43,1552.68,1581.71,37574.47378
2021-02-07 21:00:00,1581.73,1602.0,1574.21,1596.76,38793.48121
2021-02-07 22:00:00,1596.75,1601.01,1575.94,1599.53,26539.78513
2021-02-07 23:00:00,1599.53,1621.46,1597.89,1611.62,49435.24906
2021-02-08 00:00:00,1611.46,1631.31,1590.48,1596.45,46794.03632
2021-02-08 01:00:00,1596.46,1603.93,1578.02,1592.14,34888.03012
2021-02-08 02:00:00,1592.15,1603.54,1566.79,1571.41,39563.57543
2021-02-08 03:00:00,1571.25,1589.84,1563.89,1581.46,28388.6649
2021-02-08 04:00:00,1581.26,1620.15,1577.67,1618.7,47721.87691
2021-02-08 05:00:00,1618.61,1625.26,1605.31,1608.11,28132.05932
2021-02-08 06:00:00,1608.24,1635.71,1608.22,1632.45,32316.63964
2021-02-08 07:00:00,1632.46,1647.73,1624.04,1639.59,31308.60366
2021-02-08 08:00:00,1639.52,1651.0,1626.26,1632.84,37823.40423
2021-02-08 09:00:00,1632.84,1649.67,1625.66,1628.28,29176.592
2021-02-08 10:00:00,1628.27,1648.0,1625.39,1647.61,28799.22854
2021-02-08 11:00:00,1647.97,1665.0,1647.82,1660.48,47289.39767
2021-02-08 12:00:00,1660.63,1711.75,1642.17,1711.04,103704.7138
2021-02-08 13:00:00,1711.04,1725.0,1675.24,1682.49,127968.69208
2021-02-08 14:00:00,1682.49,1722.0,1681.65,1709.41,79632.46389
2021-02-08 15:00:00,1709.42,1757.0,1705.84,1734.79,121726.30858
2021-02-08 16:00:00,1734.86,1775.57,1711.0,1712.58,119697.59356
2021-02-08 17:00:00,1712.58,1725.68,1698.74,1707.0,54210.55136
2021-02-08 18:00:00,1707.0,1715.23,1679.65,1696.0,55160.16898
2021-02-08 19:00:00,1695.99,1707.61,1687.78,1695.96,43213.36231
2021-02-08 20:00:00,1695.91,1735.46,1691.32,1719.97,44196.29132
2021-02-08 21:00:00,1719.81,1722.18,1696.24,1698.2,41998.72182
2021-02-08 22:00:00,1698.03,1720.21,1697.01,1714.58,28225.80896
2021-02-08 23:00:00,1714.52,1752.81,1706.23,1750.15,87840.30996
2021-02-09 00:00:00,1749.68,1766.0,1731.68,1753.07,66984.5013
2021-02-09 01:00:00,1753.0,1753.01,1726.76,1733.33,40690.20541
2021-02-09 02:00:00,1733.3,1733.44,1708.49,1724.27,37375.23067
2021-02-09 03:00:00,1724.33,1737.81,1711.5,1735.04,32390.63967
2021-02-09 04:00:00,1735.2,1749.47,1727.54,1737.49,41878.39488
2021-02-09 05:00:00,1737.4,1748.68,1729.62,1742.63,30581.26417
2021-02-09 06:00:00,1742.48,1768.6,1731.07,1768.6,52655.61963
2021-02-09 07:00:00,1768.62,1770.0,1741.07,1750.82,58578.82352
2021-02-09 08:00:00,1750.5,1812.11,1750.49,1803.0,133279.11671
2021-02-09 09:00:00,1803.0,1821.88,1756.92,1774.03,79570.8566
2021-02-09 10:00:00,1774.09,1778.46,1725.01,1734.45,70822.33061
2021-02-09 11:00:00,1734.1,1759.88,1732.17,1753.4,48823.49894
2021-02-09 12:00:00,1753.4,1769.23,1722.25,1730.53,56330.15131
2021-02-09 13:00:00,1730.54,1743.59,1712.19,1740.28,52466.79297
2021-02-09 14:00:00,1740.2,1758.0,1732.56,1756.53,37050.04702
2021-02-09 15:00:00,1756.58,1757.76,1741.87,1749.0,43468.48307
2021-02-09 16:00:00,1749.01,1762.0,1720.38,1731.73,63383.17396
2021-02-09 17:00:00,1731.72,1747.99,1731.5,1739.87,32092.12041
2021-02-09 18:00:00,1739.85,1756.01,1735.21,1750.44,30412.0882
2021-02-09 19:00:00,1750.45,1772.56,1743.03,1772.56,34791.91277
2021-02-09 20:00:00,1772.56,1791.58,1762.65,1763.38,53716.29559
2021-02-09 21:00:00,1763.63,1772.0,1757.94,1766.15,30783.80711
2021-02-09 22:00:00,1766.15,1766.16,1750.21,1765.11,22947.1534
2021-02-09 23:00:00,1765.11,1778.64,1747.64,1769.13,33999.38801
2021-02-10 00:00:00,1769.14,1797.0,1758.24,1786.6,45545.00602
2021-02-10 01:00:00,1786.61,1804.29,1780.44,1803.74,37468.56632
2021-02-10 02:00:00,1803.52,1825.0,1795.81,1808.31,62488.2735
2021-02-10 03:00:00,1808.34,1823.73,1796.43,1809.45,39437.15284
2021-02-10 04:00:00,1809.45,1813.66,1766.82,1787.97,57676.69113
2021-02-10 05:00:00,1787.98,1804.0,1783.19,1799.34,36234.04595
2021-02-10 06:00:00,1799.41,1825.0,1799.29,1801.81,43401.97894
2021-02-10 07:00:00,1801.8,1816.87,1800.0,1810.84,40740.49548
2021-02-10 08:00:00,1810.84,1837.86,1789.6,1803.86,73623.82413
2021-02-10 09:00:00,1803.9,1814.77,1781.04,1790.99,36295.4266
2021-02-10 10:00:00,1791.0,1809.69,1781.46,1793.9,41268.88083
2021-02-10 11:00:00,1793.92,1796.39,1771.85,1792.02,40570.22393
2021-02-10 12:00:00,1792.02,1792.46,1687.0,1745.0,124662.03948
2021-02-10 13:00:00,1745.35,1755.68,1725.01,1745.28,75598.62613
2021-02-10 14:00:00,1745.28,1763.17,1714.29,1722.57,68135.46873
2021-02-10 15:00:00,1722.58,1728.75,1680.0,1714.37,113330.28104
2021-02-10 16:00:00,1714.21,1736.62,1690.8,1727.03,67463.5325
2021-02-10 17:00:00,1727.04,1748.88,1714.52,1737.03,40838.50536
2021-02-10 18:00:00,1736.99,1746.63,1727.41,1741.74,29085.72269
2021-02-10 19:00:00,1741.61,1747.0,1720.0,1742.69,40894.62573
2021-02-10 20:00:00,1742.72,1745.0,1706.5,1711.84,30629.447
2021-02-10 21:00:00,1711.84,1728.52,1705.3,1727.71,27659.74408
2021-02-10 22:00:00,1727.71,1749.0,1723.5,1747.76,17828.93916
2021-02-10 23:00:00,1747.93,1758.73,1734.29,1740.78,29054.75717
2021-02-11 00:00:00,1740.76,1749.01,1708.22,1718.61,42406.10078
2021-02-11 01:00:00,1718.53,1725.68,1703.44,1708.72,28234.08416
2021-02-11 02:00:00,1708.72,1724.84,1708.56,1721.86,8029.33405
2021-02-11 03:00:00,1721.86,1721.86,1721.86,1721.86,0.0
2021-02-11 05:00:00,1721.7,1729.77,1716.94,1719.5,29550.42731
2021-02-11 06:00:00,1719.5,1734.29,1719.17,1727.45,20764.26951
2021-02-11 07:00:00,1727.45,1748.76,1727.45,1737.44,29187.07631
2021-02-11 08:00:00,1737.18,1754.0,1731.03,1753.0,29923.16816
2021-02-11 09:00:00,1753.0,1768.0,1744.02,1765.94,33419.04121
2021-02-11 10:00:00,1765.93,1789.0,1762.0,1785.69,40356.69629
2021-02-11 11:00:00,1785.69,1789.3,1758.54,1763.36,38658.21157
2021-02-11 12:00:00,1763.36,1790.31,1760.0,1779.58,33566.79049
2021-02-11 13:00:00,1779.41,1819.0,1778.81,1789.42,82515.1193
2021-02-11 14:00:00,1789.41,1805.0,1781.79,1796.55,38766.72095
2021-02-11 15:00:00,1796.55,1805.89,1786.73,1796.17,34208.43983
2021-02-11 16:00:00,1796.4,1810.0,1787.97,1792.07,38851.9079
